{"cameraMode":{"drawMode":0,"name":"Shaded","section":"Shading Mode"},"sceneLighting":true,"audioPlay":false,"sceneViewState":{"m_AlwaysRefresh":false,"showFog":true,"showSkybox":true,"showFlares":true,"showImageEffects":true,"showParticleSystems":true,"showVisualEffectGraphs":true,"m_FxEnabled":false},"in2DMode":false,"pivot":{"x":-2.1000001430511476,"y":10.200000762939454,"z":11.600000381469727},"rotation":{"x":-0.02322298102080822,"y":0.9736487865447998,"z":-0.11592032760381699,"w":-0.19504109025001527},"size":13.907838821411133,"orthographic":true}